customer_name,verified_discrepancy
Fenwick Abara,3.75
Guillermo Nakashima,29.50
Naomi Fitzwilliam,37.15
Ottilie Marchetti,16.90
Talia Vandermolen,0.00
Ravi Okonkwo-Hale,22.75
Torsten Nakamura,17.10
Marlon Beaumont,9.20
Desmond Okafor,22.40
Amara Featherstone,12.90
Petra Longbottom,4.60
Bertrand Achinello,6.40
Rosalind Kirkpatrick,-338.90
Dashiell Okonjo,-45.80
Ottoline Fairweather,4.85
Seraphina Duclos,13.55
Yusuf Blackwood,26.50
Percival Ashdown,308.60
Odalys Petrescu,0.00
Marguerite Solheim,340.20
Nadia Whitcombe,6.75
Ines Thackeray,2.35
Osei Ferngrove,0.00
Anjali Vantongeren,33.85
Bram Villanueva,33.90
Delphine Ashworth,0.00
Zephyrine Boase,187.60
Callum Bregman,0.00
Ilse Van Nuys,11.85
Santhosh,20.00
